id;identifier;submission_date;mood_status;mood_details
1;Fresh;2022-02-04;STRESSED;invoice Personal Nicaragua
2;harness;2022-02-04;HAPPY;SAS Plastic
3;plug-and-play;2022-02-04;GRUMPY;reboot index
4;Practical Dakota;2022-02-05;MEH;Generic reintermediate compressing
5;Direct;2022-02-05;GRUMPY;Soft Yen exuding
6;attitude-oriented Fantastic Architect;2022-02-04;STRESSED;red
7;payment;2022-02-04;NORMAL;orchid Regional Rue
8;Bridge;2022-02-05;NORMAL;incentivize responsive
9;transmitting payment;2022-02-04;GRUMPY;Dominican People's framework
10;invoice HDD Freeway;2022-02-05;NORMAL;uniform Berkshire unleash
